PLFW 520.24,359.95
PLFW 129E.30,599.95
PLFW 129E.36,619.95
PLFW 129J.30,599.95
PLFW 129J.36,619.95
PLFW 520.30,439.95
PLFW 520.36,479.95
PLFW 520.42,829.95
PLFW 520.48,929.95
PLFW 750.48,959.95
PLFW 755.36,769.95
PLJW 120.30,679.95
PLJW 120.36,699.95
PLJW 120.42,729.95
PLJW 120.48,759.95
PLJW 125.30,679.95
PLJW 125.36,699.95
PLJW 129.42,879.95
PLJW 130.30,629.95
PLJW 130.36,659.95
PLJW 130.42,999.95
PLJW 130.48,1199.95
PLJW 180.30,199.95
PLJW 104.60,1699.95
PLJW 113.30,629.95
PLJW 113.36,669.95
PLJW 113.42,699.95
PLJW 113.48,749.95
PLJW 117.30,629.95
PLJW 117.36,669.95
PLJW 117.42,699.95
PLJW 117.48,749.95
PLJW 121.30,629.95
PLJW 121.36,669.95
PLJW 121.42,699.95
PLJW 121.48,749.95
PLJW 133.30,629.95
PLJW 133.36,669.95